 <beans xmlns="http://www.springframework.org/schema/beans"
	xmlns:mvc="http://www.springframework.org/schema/mvc"
	xmlns:context="http://www.springframework.org/schema/context"
	   xmlns:webflow="http://www.springframework.org/schema/webflow-config"
	xmlns:xsi="http://www.w3.org/2001/XMLSchema-instance"
	xsi:schemaLocation="
 http://www.springframework.org/schema/beans
 http://www.springframework.org/schema/beans/spring-beans-3.0.xsd 
 http://www.springframework.org/schema/mvc 
 http://www.springframework.org/schema/mvc/spring-mvc-3.0.xsd 
 http://www.springframework.org/schema/context
 http://www.springframework.org/schema/context/spring-context-3.0.xsd
	  http://www.springframework.org/schema/webflow-config
        http://www.springframework.org/schema/webflow-config/spring-webflow-config-2.0.xsd">

	<!-- <context:component-scan base-package="com.niit.shoppingcart" /> -->
	
	<context:component-scan base-package="com.niit.ShoppingCart" />
	<mvc:resources mapping="/resources/**" location="/resources/" />
	<mvc:annotation-driven />
	
	<bean
		class="org.springframework.web.servlet.view.InternalResourceViewResolver">
		<property name="prefix">
			<value>/views/</value>
		</property>
		<property name="suffix">
			<value>.jsp</value>
		</property>
	</bean>
	
	 	 <bean id ="multipartResolver" 
	 class="org.springframework.web.multipart.commons.CommonsMultipartResolver">
	 
	<!--  setting maximum upload size -->
	   <property name="maxUploadSize" value="400000000" />
	   </bean>
	
	   <context:component-scan base-package="com.niit.ShoppingCart" />
	
	<webflow:flow-executor id="flowExecutor" />

	<webflow:flow-registry id="flowRegistry"
		flow-builder-services="flowBuilderServices" base-path="/WEB-INF">
		<webflow:flow-location id="memberShip" path="/memberShipFlow.xml" />
	</webflow:flow-registry>

	<webflow:flow-builder-services id="flowBuilderServices"
		view-factory-creator="viewFactoryCreator" />
	
	<bean id="viewFactoryCreator"
		class="org.springframework.webflow.mvc.builder.MvcViewFactoryCreator">
		<property name="viewResolvers">
			<list>
				<ref bean="viewResolver" />
			</list>
		</property>
	</bean>
	
	<bean id="viewResolver"
		class="org.springframework.web.servlet.view.UrlBasedViewResolver">
		<property name="viewClass"
			value="org.springframework.web.servlet.view.JstlView" />
		<property name="prefix">
			<value>/views/</value>
		</property>
		<property name="suffix">
			<value>.jsp</value>
		</property>
	
	</bean>
	
	<bean class="org.springframework.webflow.mvc.servlet.FlowHandlerAdapter">
		<property name="flowExecutor" ref="flowExecutor" />
	</bean>

	<bean class="org.springframework.webflow.mvc.servlet.FlowHandlerMapping">
		<property name="flowRegistry" ref="flowRegistry" />
		<property name="order" value="-1" />
	</bean>

	
</beans> 

