<?xml version="1.0" encoding="UTF-8"?>
<flow xmlns="http://www.springframework.org/schema/webflow"
	xmlns:xsi="http://www.w3.org/2001/XMLSchema-instance"
	xsi:schemaLocation="http://www.springframework.org/schema/webflow
                         http://www.springframework.org/schema/webflow/spring-webflow-2.0.xsd">

	<!-- Executed when webFlow is triggered -->
	<on-start>
		<evaluate expression="registrationHandler.initFlow()" result="flowScope.userDetails" />
	</on-start>

	<view-state id="start" view="memberDetails" model="flowScope.userDetails">
		<transition on="submit" to="validate" />
	</view-state>

	<action-state id="validate">
		<evaluate expression="registrationHandler.validateDetails(userDetails,messageContext)"></evaluate>
		<transition on="success" to="confirmDetails" />
		<transition on="failure" to="start" />
	</action-state>

	<view-state id="confirmDetails" view="confirmDetails" model="flowScope.userDetails">
		<transition on="edit" to="start" />
		<transition on="submit" to="save" />
	</view-state>


	<action-state id="save">
		<evaluate expression="registrationHandler.saveDetails(userDetails)"></evaluate>
		<transition on="success" to="welcome" />
		<transition on="failure" to="start" />
	</action-state>


	 <end-state id="welcome" view="welcome" />

	<end-state id="tohomepage" view="externalRedirect:contextRelative:homepage" />

	<end-state id="toException"
		view="externalRedirect:contextRelative:exception.jsp" />

<!-- 	these events are available in every state
 -->	<global-transitions>
		<transition on="homepage" to="tohomepage" />
		<transition on="error" to="toException" />
	</global-transitions>
</flow> 